-- here are all the system's inserted data
insert into driver values
('dr00000001','ahmad','hussein',1985,'0797123456','ahmad.hussein.driver@gmail.com','DriV!A1'),
('dr00000002','samer','ali',1979,'0785346789','samer.ali.driver@outlook.com','SamDriv$2'),
('dr00000003','hala','fawaz',1990,'0778123490','hala.fawaz.driver@hotmail.com','HalaD#3'),
('dr00000004','mohammad','khalil',1982,'0794456622','m.khalil.driver@yahoo.com','MkDriver4'),
('dr00000005','nawal','saeed',1988,'0789122334','nawal.saeed.driver@gmail.com','NSd@55'),
('dr00000006','omar','salim',1995,'0777004455','omar.salim-driver@outlook.com','OS-pass6'),
('dr00000007','reem','jamal',1991,'0790012345','reem.jamal.driver@hotmail.com','RJam!07'),
('dr00000008','yazan','karim',1987,'0783344556','yazan.karim.driver@yahoo.com','YKarim88'),
('dr00000009','sara','hassan',1992,'0795566778','sara.hassan.driver@gmail.com','SaraD_09'),
('dr00000010','khaled','yousef',1984,'0786677889','khaled.yousef.driver@outlook.com','KY-10!'),
('dr00000011','lina','mohammad',1993,'0778899001','lina.m.driver@hotmail.com','LinaDrv11'),
('dr00000012','tariq','omar',1986,'0792211334','tariq.omar.driver@yahoo.com','Tar!q12'),
('dr00000013','amal','samir',1994,'0789988776','amal.samir.driver@gmail.com','AmS13##'),
('dr00000014','fadi','nasser',1983,'0773344552','fadi.nasser.driver@outlook.com','FadiN14'),
('dr00000015','noor','ismail',1990,'0794455123','noor.ismail.driver@hotmail.com','NoorIs15'),
('dr00000016','alex','johnson',1980,'0781239876','alex.johnson.driver@yahoo.com','AlexJ!16'),
('dr00000017','marie','claire',1989,'0775567889','marie.claire.driver@gmail.com','MarieC17'),
('dr00000018','carlos','martinez',1978,'0793344122','carlos.martinez.driver@outlook.com','CarM!18'),
('dr00000019','ali','karim',1982,'0788877665','ali.karim.driver@hotmail.com','AliK19$$'),
('dr00000020','mona','hussein',1991,'0772233445','mona.hussein.driver@yahoo.com','MonaH20'),
('dr00000021','george','papadopoulos',1976,'0796655443','george.p.driver@gmail.com','GeoP21!'),
('dr00000022','ivan','petrov',1983,'0781122334','ivan.petrov.driver@outlook.com','IvanP22'),
('dr00000023','yasmin','fouad',1992,'0779988112','yasmin.fouad.driver@hotmail.com','YasF23@@'),
('dr00000024','takashi','sato',1979,'0794422110','takashi.sato.driver@yahoo.com','TakaS24'),
('dr00000025','hassan','farid',1988,'0783344119','hassan.farid.driver@gmail.com','HasF25!!');

insert into customer values
('cu00000001','ahmad','saleh','0791012345','ahmad.saleh01@gmail.com','Qw7#kb!9'),
('cu00000002','sara','omar','0782012346','sara_omar1998@gmail.net','sArA!234'),
('cu00000003','khaled','hassan','0773012347','k.hassan86@gmail.com','kH@86pass'),
('cu00000004','mona','ali','0794012348','mona.ali.jo@gmail.com','mona_pw-42'),
('cu00000005','nour','yousef','0785012349','nour_yousef+1@gmail.com','n0ur$$21'),
('cu00000006','fadi','mohammad','0776012350','fadi.moh1989@outlook.com','fadiSecure!'),
('cu00000007','lina','rami','0797012351','lina.rami1995@hotmail.com','LinA_95'),
('cu00000008','omar','saeed','0788012352','omarsaeed77@hotmail.com','os77.pass'),
('cu00000009','reem','khalil','0779012353','reemkhalil_jb@gmail.com','R3em^1999'),
('cu00000010','tariq','ismail','0790123454','tariq.ismail@outlook.com','t@riq--10'),
('cu00000011','hala','salem','0781123455','hala.salem20@hotmail.com','hala_Pw20'),
('cu00000012','yazan','nasser','0772123456','yazan.nassertaxi@gmail.com','yN*2021'),
('cu00000013','dana','adnan','0793123457','dana.adnan@gmail.net','DannA_3'),
('cu00000014','mohannad','ibrahim','0784123458','mohannad.ibr@yahoo.com','M0h4nn'),
('cu00000015','sahar','karim','0775123459','s.karim88@gmail.com','sKpass-88'),
('cu00000016','marco','rossi','0796123460','marco.rossi.it@gmail.com','MarrC0!'),
('cu00000017','anna','schmidt','0787123461','anna.schmidt.de@gmail.com','AnN@DE17'),
('cu00000018','huda','samir','0778123462','huda.samir_jb@gmail.com','huda#Sam1r'),
('cu00000019','ali','sami','0799123463','ali.sami93@gmail.com','aSami_93'),
('cu00000020','yara','zain','0780132464','yara.zain@outlook.com','Yz-2020!'),
('cu00000021','john','smith','0771142465','john.smith.usa@gmail.com','J$mith21'),
('cu00000022','emily','brown','0792152466','emilybrown.uk@outlook.com','EmBr0wn!'),
('cu00000023','farah','ahmad','0783162467','farah.ahmad94@gmail.com','frh_9401'),
('cu00000024','diego','fernandez','0774172468','diego.fernandez.es@outlook.com','D!e90go'),
('cu00000025','sophie','dupont','0795182469','sophie.dupont.fr@gmail.com','S0ph!eF'),
('cu00000026','reza','mohseni','0786192470','reza.mohseni.ir@gmail.com','Rz#1986'),
('cu00000027','olga','ivanova','0777202471','olga.ivanova@gmail.com','OlgaRu_27'),
('cu00000028','li','wei','0798212472','li.wei.cn@gmail.com','LiWe1-China'),
('cu00000029','marta','nowak','0789222473','marta.nowak.pl@gmail.com','MartaP!'),
('cu00000030','yasmin','fouad','0770232474','yasmin.fouad@gmail.com','YasF-303'),
('cu00000031','yara','ibrahim','0777232470','yara.ibrahim@gmail.com','YayasF**9');

insert into car values
('1834927','Toyota','Corolla','white',2022,'dr00000001'),
('7283910','Toyota','RAV4','black',2023,'dr00000001'),
('4392018','Honda','Civic','silver',2022,'dr00000002'),
('9203847','Ford','Focus','blue',2024,'dr00000003'),
('5839204','Nissan','Altima','gray',2023,'dr00000004'),
('7482013','Hyundai','Elantra','red',2022,'dr00000005'),
('2948571','BMW','320i','black',2023,'dr00000006'),
('8374920','Audi','A4','silver',2024,'dr00000006'),
('9201754','Mercedes-Benz','C200','white',2023,'dr00000007'),
('8473629','Volkswagen','Golf','blue',2022,'dr00000008'),
('1928374','Tesla','Model 3','black',2024,'dr00000009'),
('5647382','Toyota','Camry','gray',2023,'dr00000010'),
('9981723','Kia','Rio','red',2022,'dr00000011'),
('7765432','Mazda','CX-5','blue',2024,'dr00000012'),
('3459871','Chevrolet','Malibu','silver',2023,'dr00000013'),
('1982736','Renault','Megane','green',2022,'dr00000014'),
('5647389','Skoda','Octavia','gray',2024,'dr00000015'),
('6543210','Peugeot','3008','white',2023,'dr00000016'),
('7432198','Toyota','Land Cruiser','black',2022,'dr00000017'),
('9843726','Honda','Accord','silver',2023,'dr00000018'),
('8573920','Nissan','X-Trail','white',2023,'dr00000019'),
('1122334','Ford','Explorer','blue',2024,'dr00000020'),
('6677889','Jeep','Cherokee','red',2023,'dr00000021'),
('2233445','Volvo','XC60','black',2022,'dr00000022'),
('3344556','BMW','X5','white',2024,'dr00000022'),
('4455667','Audi','Q7','silver',2023,'dr00000023'),
('5566778','Mercedes-Benz','GLC','gray',2022,'dr00000023'),
('6677880','Tesla','Model Y','blue',2024,'dr00000024'),
('7788991','Toyota','Corolla Cross','black',2023,'dr00000025'),
('8899002','Hyundai','Tucson','white',2022,'dr00000025'),
('9911223','Kia','Sportage','white',2023,'dr00000002'),
('2233114','Honda','Jazz','red',2022,'dr00000004'),
('3344115','Toyota','Yaris','silver',2023,'dr00000005'),
('4455116','Mercedes-Benz','E200','black',2024,'dr00000008'),
('5566117','Volkswagen','Passat','gray',2023,'dr00000009'),
('6677118','Nissan','Sentra','white',2022,'dr00000010'),
('7788119','Peugeot','208','blue',2023,'dr00000011'),
('8899120','Mazda','3','red',2022,'dr00000012'),
('9900121','Renault','Clio','green',2023,'dr00000013'),
('1012131','Chevrolet','Spark','silver',2022,'dr00000014'),
('1213141','Skoda','Fabia','white',2023,'dr00000015'),
('1314151','Volvo','S60','black',2024,'dr00000016'),
('1415161','Jeep','Compass','gray',2023,'dr00000021'),
('1516171','Toyota','Prius','white',2024,'dr00000024'),
('1617181','Tesla','Roadster','red',2024,'dr00000009'),
('1718191','Volkswagen','Tiguan','white',2023,'dr00000022'),
('1819202','Hyundai','Sonata','blue',2023,'dr00000025');

insert into trip values
('tr00000001','abu nseir','jubeiha','1834927',3.20,'cash'),
('tr00000002','marj al hamam','abdoun','7283910',4.75,'visa'),
('tr00000003','sweileh','gardens street','4392018',3.10,'cash'),
('tr00000004','dabouq','abdoun','9203847',5.60,'cash'),
('tr00000005','weibdeh','downtown','5839204',2.10,'visa'),
('tr00000006','gardens street','abdali','7482013',2.30,'cash'),
('tr00000007','abu nseir','salt','2948571',4.90,'cash'),
('tr00000008','dabouq','queen rania street','8374920',7.20,'visa'),
('tr00000009','jubeiha','university street','9201754',2.70,'cash'),
('tr00000010','abdoun','mecca street','8473629',3.60,'visa'),
('tr00000011','downtown','weibdeh','1928374',1.80,'cash'),
('tr00000012','sweileh','abu nseir','5647382',2.95,'cash'),
('tr00000013','gardens street','dabouq','9981723',4.40,'visa'),
('tr00000014','abdali','abdoun','7765432',2.00,'cash'),
('tr00000015','mecca street','airport','3459871',7.80,'cash'),
('tr00000016','marj al hamam','dabouq','1982736',4.60,'visa'),
('tr00000017','abu nseir','gardens street','5647389',3.35,'cash'),
('tr00000018','sweileh','downtown','6543210',5.60,'visa'),
('tr00000019','jubeiha','marj al hamam','7432198',3.95,'cash'),
('tr00000020','abdoun','abu nseir','9843726',4.55,'cash'),
('tr00000021','gardens street','mecca street','8573920',2.95,'visa'),
('tr00000022','downtown','abdali','1122334',3.70,'cash'),
('tr00000023','abdali','sweileh','6677889',4.60,'cash'),
('tr00000024','airport','abdoun','2233445',8.75,'visa'),
('tr00000025','jubeiha','marj al hamam','3344556',3.45,'cash'),
('tr00000026','dabouq','downtown','4455667',6.10,'cash'),
('tr00000027','abdoun','gardens street','5566778',3.80,'visa'),
('tr00000028','abu nseir','sweileh','6677880',4.20,'cash'),
('tr00000029','abdali','mecca street','7788991',3.85,'cash'),
('tr00000030','marj al hamam','airport','8899002',7.10,'cash'),
('tr00000031','downtown','jubeiha','9911223',2.50,'cash'),
('tr00000032','weibdeh','abdoun','2233114',2.95,'visa'),
('tr00000033','jubeiha','abu nseir','3344115',3.80,'cash'),
('tr00000034','gardens street','downtown','4455116',2.20,'cash'),
('tr00000035','airport','marj al hamam','5566117',5.90,'visa'),
('tr00000036','salt','abu nseir','6677118',4.10,'cash'),
('tr00000037','mecca street','abdali','7788119',3.20,'visa'),
('tr00000038','garden city','downtown','8899120',2.90,'cash'),
('tr00000039','abdoun','jubeiha','9900121',3.25,'cash'),
('tr00000040','university street','garden city','1012131',3.95,'visa'),
('tr00000041','jubeiha','salt','4392018',3.80,'cash'),
('tr00000042','downtown','abdali','9911223',3.20,'visa'),
('tr00000043','abu nseir','mecca street','9203847',4.10,'cash'),
('tr00000044','garden city','jubeiha','5839204',3.60,'visa'),
('tr00000045','abdoun','dabouq','2233114',4.00,'cash'),
('tr00000046','weibdeh','gardens street','2948571',5.20,'visa'),
('tr00000047','marj al hamam','downtown','8374920',4.50,'cash'),
('tr00000048','airport','mecca street','1928374',8.10,'visa'),
('tr00000049','abdali','airport','5566117',6.00,'cash'),
('tr00000050','jubeiha','weibdeh','3344556',3.30,'visa'),
('tr00000051','garden city','downtown','2233445',2.90,'cash'),
('tr00000052','salt','abu nseir','4455667',4.70,'visa'),
('tr00000053','mecca street','jubeiha','5566778',3.85,'cash'),
('tr00000054','marj al hamam','garden city','7788991',5.75,'visa'),
('tr00000055','abdoun','airport','8899002',7.00,'cash');

insert into customer_trip values
('tr00000001','cu00000001'),
('tr00000001','cu00000002'),
('tr00000002','cu00000003'),
('tr00000002','cu00000004'),
('tr00000003','cu00000005'),
('tr00000003','cu00000006'),
('tr00000004','cu00000007'),
('tr00000004','cu00000008'),
('tr00000005','cu00000009'),
('tr00000006','cu00000010'),
('tr00000006','cu00000011'),
('tr00000007','cu00000012'),
('tr00000007','cu00000013'),
('tr00000008','cu00000014'),
('tr00000008','cu00000015'),
('tr00000009','cu00000016'),
('tr00000009','cu00000017'),
('tr00000010','cu00000018'),
('tr00000010','cu00000019'),
('tr00000011','cu00000020'),
('tr00000012','cu00000021'),
('tr00000012','cu00000022'),
('tr00000013','cu00000023'),
('tr00000013','cu00000024'),
('tr00000014','cu00000025'),
('tr00000015','cu00000026'),
('tr00000015','cu00000027'),
('tr00000016','cu00000028'),
('tr00000017','cu00000029'),
('tr00000017','cu00000001'),
('tr00000018','cu00000005'),
('tr00000019','cu00000010'),
('tr00000020','cu00000015'),
('tr00000021','cu00000020'),
('tr00000021','cu00000002'),
('tr00000022','cu00000003'),
('tr00000022','cu00000011'),
('tr00000023','cu00000004'),
('tr00000023','cu00000009'),
('tr00000024','cu00000012'),
('tr00000024','cu00000018'),
('tr00000025','cu00000021'),
('tr00000025','cu00000022'),
('tr00000026','cu00000023'),
('tr00000026','cu00000024'),
('tr00000027','cu00000025'),
('tr00000027','cu00000026'),
('tr00000028','cu00000027'),
('tr00000028','cu00000028'),
('tr00000029','cu00000029'),
('tr00000029','cu00000030'),
('tr00000030','cu00000001'),
('tr00000030','cu00000005'),
('tr00000031','cu00000002'),
('tr00000032','cu00000006'),
('tr00000033','cu00000003'),
('tr00000034','cu00000004'),
('tr00000035','cu00000008'),
('tr00000036','cu00000009'),
('tr00000037','cu00000010'),
('tr00000038','cu00000011'),
('tr00000039','cu00000012'),
('tr00000040','cu00000013'),
('tr00000041','cu00000001'),
('tr00000042','cu00000003'),
('tr00000042','cu00000007'),
('tr00000043','cu00000012'),
('tr00000044','cu00000005'),
('tr00000044','cu00000009'),
('tr00000045','cu00000002'),
('tr00000046','cu00000008'),
('tr00000047','cu00000014'),
('tr00000048','cu00000001'),
('tr00000048','cu00000010'),
('tr00000049','cu00000007'),
('tr00000050','cu00000011'),
('tr00000050','cu00000002'),
('tr00000051','cu00000003'),
('tr00000052','cu00000009'),
('tr00000053','cu00000005'),
('tr00000054','cu00000012'),
('tr00000055','cu00000014'),
('tr00000055','cu00000008');

insert into driver_rating values
('dr00000001','cu00000001',5),
('dr00000001','cu00000002',4),
('dr00000001','cu00000003',2),
('dr00000001','cu00000004',5),
('dr00000002','cu00000005',5),
('dr00000002','cu00000006',2),
('dr00000002','cu00000002',4),
('dr00000003','cu00000007',5),
('dr00000003','cu00000008',2),
('dr00000004','cu00000009',4),
('dr00000004','cu00000006',4),
('dr00000005','cu00000010',5),
('dr00000005','cu00000011',4),
('dr00000005','cu00000003',4),
('dr00000006','cu00000012',5),
('dr00000006','cu00000013',4),
('dr00000006','cu00000014',2),
('dr00000006','cu00000015',4),
('dr00000007','cu00000016',5),
('dr00000007','cu00000017',1),
('dr00000008','cu00000018',1),
('dr00000008','cu00000019',1),
('dr00000009','cu00000020',5),
('dr00000009','cu00000008',4),
('dr00000010','cu00000021',4),
('dr00000010','cu00000022',3),
('dr00000010','cu00000009',4),
('dr00000011','cu00000023',5),
('dr00000011','cu00000024',4),
('dr00000011','cu00000010',4),
('dr00000012','cu00000025',5),
('dr00000012','cu00000011',4),
('dr00000013','cu00000026',4),
('dr00000013','cu00000027',5),
('dr00000014','cu00000028',4),
('dr00000014','cu00000013',4),
('dr00000015','cu00000029',5),
('dr00000015','cu00000001',4),
('dr00000016','cu00000005',4),
('dr00000017','cu00000010',4),
('dr00000018','cu00000015',5),
('dr00000019','cu00000020',4),
('dr00000019','cu00000002',3),
('dr00000020','cu00000003',4),
('dr00000020','cu00000011',5),
('dr00000021','cu00000004',3),
('dr00000021','cu00000009',4),
('dr00000022','cu00000012',4),
('dr00000022','cu00000018',5),
('dr00000022','cu00000021',4),
('dr00000022','cu00000022',3),
('dr00000023','cu00000023',5),
('dr00000023','cu00000024',4),
('dr00000023','cu00000025',3),
('dr00000023','cu00000026',4),
('dr00000024','cu00000027',5),
('dr00000024','cu00000028',4),
('dr00000025','cu00000029',5),
('dr00000025','cu00000030',4),
('dr00000025','cu00000001',4),
('dr00000025','cu00000005',3);

insert into trip_stop values
('tr00000002',1,'old aqueduct overlook'),
('tr00000005',1,'weibdeh marble artisans courtyard'),
('tr00000005',2,'weibdeh narrow lantern lane'),
('tr00000005',3,'weibdeh ceramic kiln alley'),
('tr00000005',4,'downtown forgotten fountain corner'),
('tr00000008',1,'dabouq stoneworkers enclave'),
('tr00000013',1,'gardens street silent arcade'),
('tr00000013',2,'gardens street ivy stairwell'),
('tr00000015',1,'mecca street lowlight parking niche'),
('tr00000021',1,'gardens street lamppost row'),
('tr00000021',2,'gardens street side courtyard'),
('tr00000026',1,'dabouq olive press lane'),
('tr00000026',2,'dabouq blind alley bazaar'),
('tr00000026',3,'downtown rusted-gate passage'),
('tr00000026',4,'downtown spice loft'),
('tr00000030',1,'marj al hamam sunken garden'),
('tr00000030',2,'marj al hamam subway access'),
('tr00000033',1,'jubeiha campus amphitheatre gate'),
('tr00000036',1,'salt abandoned fortress steps'),
('tr00000036',2,'salt vineyard track'),
('tr00000036',3,'salt old well overlook'),
('tr00000040',1,'university street quiet quad');
